{
	"partitions" : [
		{
			"name" : "Top",
			"pins" : [
				{
					"name" : "qb",
					"strict" : false
				},
				{
					"name" : "result[0]",
					"strict" : false
				},
				{
					"name" : "result[1]",
					"strict" : false
				},
				{
					"name" : "result[2]",
					"strict" : false
				},
				{
					"name" : "result[3]",
					"strict" : false
				},
				{
					"name" : "result[4]",
					"strict" : false
				},
				{
					"name" : "result[5]",
					"strict" : false
				},
				{
					"name" : "result[6]",
					"strict" : false
				},
				{
					"name" : "result[7]",
					"strict" : false
				},
				{
					"name" : "result[8]",
					"strict" : false
				},
				{
					"name" : "result[9]",
					"strict" : false
				},
				{
					"name" : "result[10]",
					"strict" : false
				},
				{
					"name" : "result[11]",
					"strict" : false
				},
				{
					"name" : "result[12]",
					"strict" : false
				},
				{
					"name" : "result[13]",
					"strict" : false
				},
				{
					"name" : "result[14]",
					"strict" : false
				},
				{
					"name" : "result[15]",
					"strict" : false
				},
				{
					"name" : "overflow",
					"strict" : false
				},
				{
					"name" : "conta[0]",
					"strict" : false
				},
				{
					"name" : "conta[1]",
					"strict" : false
				},
				{
					"name" : "conta[2]",
					"strict" : false
				},
				{
					"name" : "conta[3]",
					"strict" : false
				},
				{
					"name" : "conta[4]",
					"strict" : false
				},
				{
					"name" : "conta[5]",
					"strict" : false
				},
				{
					"name" : "conta[6]",
					"strict" : false
				},
				{
					"name" : "conta[7]",
					"strict" : false
				},
				{
					"name" : "clk",
					"strict" : false
				},
				{
					"name" : "s",
					"strict" : false
				},
				{
					"name" : "r",
					"strict" : false
				},
				{
					"name" : "control",
					"strict" : false
				},
				{
					"name" : "b[0]",
					"strict" : false
				},
				{
					"name" : "a[0]",
					"strict" : false
				},
				{
					"name" : "b[1]",
					"strict" : false
				},
				{
					"name" : "a[1]",
					"strict" : false
				},
				{
					"name" : "b[2]",
					"strict" : false
				},
				{
					"name" : "a[2]",
					"strict" : false
				},
				{
					"name" : "b[3]",
					"strict" : false
				},
				{
					"name" : "a[3]",
					"strict" : false
				},
				{
					"name" : "b[4]",
					"strict" : false
				},
				{
					"name" : "a[4]",
					"strict" : false
				},
				{
					"name" : "b[5]",
					"strict" : false
				},
				{
					"name" : "a[5]",
					"strict" : false
				},
				{
					"name" : "b[6]",
					"strict" : false
				},
				{
					"name" : "a[6]",
					"strict" : false
				},
				{
					"name" : "b[7]",
					"strict" : false
				},
				{
					"name" : "a[7]",
					"strict" : false
				},
				{
					"name" : "b[8]",
					"strict" : false
				},
				{
					"name" : "a[8]",
					"strict" : false
				},
				{
					"name" : "b[9]",
					"strict" : false
				},
				{
					"name" : "a[9]",
					"strict" : false
				},
				{
					"name" : "b[10]",
					"strict" : false
				},
				{
					"name" : "a[10]",
					"strict" : false
				},
				{
					"name" : "b[11]",
					"strict" : false
				},
				{
					"name" : "a[11]",
					"strict" : false
				},
				{
					"name" : "b[12]",
					"strict" : false
				},
				{
					"name" : "a[12]",
					"strict" : false
				},
				{
					"name" : "b[13]",
					"strict" : false
				},
				{
					"name" : "a[13]",
					"strict" : false
				},
				{
					"name" : "b[14]",
					"strict" : false
				},
				{
					"name" : "a[14]",
					"strict" : false
				},
				{
					"name" : "b[15]",
					"strict" : false
				},
				{
					"name" : "a[15]",
					"strict" : false
				},
				{
					"name" : "rst",
					"strict" : false
				},
				{
					"name" : "enable",
					"strict" : false
				},
				{
					"name" : "up_down",
					"strict" : false
				}
			]
		}
	]
}