{
	"partitions" : [
		{
			"name" : "Top",
			"pins" : [
				{
					"name" : "BUS_OUT[0]",
					"strict" : false
				},
				{
					"name" : "BUS_OUT[1]",
					"strict" : false
				},
				{
					"name" : "BUS_OUT[2]",
					"strict" : false
				},
				{
					"name" : "BUS_OUT[3]",
					"strict" : false
				},
				{
					"name" : "BUS_OUT[4]",
					"strict" : false
				},
				{
					"name" : "BUS_OUT[5]",
					"strict" : false
				},
				{
					"name" : "BUS_OUT[6]",
					"strict" : false
				},
				{
					"name" : "BUS_OUT[7]",
					"strict" : false
				},
				{
					"name" : "BUS_OUT[8]",
					"strict" : false
				},
				{
					"name" : "BUS_OUT[9]",
					"strict" : false
				},
				{
					"name" : "BUS_OUT[10]",
					"strict" : false
				},
				{
					"name" : "BUS_OUT[11]",
					"strict" : false
				},
				{
					"name" : "BUS_OUT[12]",
					"strict" : false
				},
				{
					"name" : "BUS_OUT[13]",
					"strict" : false
				},
				{
					"name" : "BUS_OUT[14]",
					"strict" : false
				},
				{
					"name" : "BUS_OUT[15]",
					"strict" : false
				},
				{
					"name" : "BUS_OUT[16]",
					"strict" : false
				},
				{
					"name" : "BUS_OUT[17]",
					"strict" : false
				},
				{
					"name" : "BUS_OUT[18]",
					"strict" : false
				},
				{
					"name" : "BUS_OUT[19]",
					"strict" : false
				},
				{
					"name" : "BUS_OUT[20]",
					"strict" : false
				},
				{
					"name" : "BUS_OUT[21]",
					"strict" : false
				},
				{
					"name" : "BUS_OUT[22]",
					"strict" : false
				},
				{
					"name" : "BUS_OUT[23]",
					"strict" : false
				},
				{
					"name" : "BUS_OUT[24]",
					"strict" : false
				},
				{
					"name" : "BUS_OUT[25]",
					"strict" : false
				},
				{
					"name" : "BUS_OUT[26]",
					"strict" : false
				},
				{
					"name" : "BUS_OUT[27]",
					"strict" : false
				},
				{
					"name" : "BUS_OUT[28]",
					"strict" : false
				},
				{
					"name" : "BUS_OUT[29]",
					"strict" : false
				},
				{
					"name" : "BUS_OUT[30]",
					"strict" : false
				},
				{
					"name" : "BUS_OUT[31]",
					"strict" : false
				},
				{
					"name" : "BUS_OUT[32]",
					"strict" : false
				},
				{
					"name" : "BUS_OUT[33]",
					"strict" : false
				},
				{
					"name" : "BUS_OUT[34]",
					"strict" : false
				},
				{
					"name" : "BUS_OUT[35]",
					"strict" : false
				},
				{
					"name" : "BUS_OUT[36]",
					"strict" : false
				},
				{
					"name" : "BUS_OUT[37]",
					"strict" : false
				},
				{
					"name" : "BUS_OUT[38]",
					"strict" : false
				},
				{
					"name" : "BUS_OUT[39]",
					"strict" : false
				},
				{
					"name" : "BUS_OUT[40]",
					"strict" : false
				},
				{
					"name" : "BUS_OUT[41]",
					"strict" : false
				},
				{
					"name" : "BUS_OUT[42]",
					"strict" : false
				},
				{
					"name" : "BUS_OUT[43]",
					"strict" : false
				},
				{
					"name" : "BUS_OUT[44]",
					"strict" : false
				},
				{
					"name" : "BUS_OUT[45]",
					"strict" : false
				},
				{
					"name" : "BUS_OUT[46]",
					"strict" : false
				},
				{
					"name" : "BUS_OUT[47]",
					"strict" : false
				},
				{
					"name" : "BUS_OUT[48]",
					"strict" : false
				},
				{
					"name" : "BUS_OUT[49]",
					"strict" : false
				},
				{
					"name" : "BUS_OUT[50]",
					"strict" : false
				},
				{
					"name" : "BUS_OUT[51]",
					"strict" : false
				},
				{
					"name" : "BUS_OUT[52]",
					"strict" : false
				},
				{
					"name" : "BUS_OUT[53]",
					"strict" : false
				},
				{
					"name" : "BUS_OUT[54]",
					"strict" : false
				},
				{
					"name" : "BUS_OUT[55]",
					"strict" : false
				},
				{
					"name" : "BUS_OUT[56]",
					"strict" : false
				},
				{
					"name" : "BUS_OUT[57]",
					"strict" : false
				},
				{
					"name" : "BUS_OUT[58]",
					"strict" : false
				},
				{
					"name" : "BUS_OUT[59]",
					"strict" : false
				},
				{
					"name" : "BUS_OUT[60]",
					"strict" : false
				},
				{
					"name" : "BUS_OUT[61]",
					"strict" : false
				},
				{
					"name" : "BUS_OUT[62]",
					"strict" : false
				},
				{
					"name" : "BUS_OUT[63]",
					"strict" : false
				},
				{
					"name" : "BUS_OUT[64]",
					"strict" : false
				},
				{
					"name" : "BUS_OUT[65]",
					"strict" : false
				},
				{
					"name" : "BUS_OUT[66]",
					"strict" : false
				},
				{
					"name" : "BUS_OUT[67]",
					"strict" : false
				},
				{
					"name" : "BUS_OUT[68]",
					"strict" : false
				},
				{
					"name" : "BUS_OUT[69]",
					"strict" : false
				},
				{
					"name" : "BUS_OUT[70]",
					"strict" : false
				},
				{
					"name" : "BUS_OUT[71]",
					"strict" : false
				},
				{
					"name" : "BUS_OUT[72]",
					"strict" : false
				},
				{
					"name" : "BUS_OUT[73]",
					"strict" : false
				},
				{
					"name" : "BUS_OUT[74]",
					"strict" : false
				},
				{
					"name" : "BUS_OUT[75]",
					"strict" : false
				},
				{
					"name" : "BUS_OUT[76]",
					"strict" : false
				},
				{
					"name" : "BUS_OUT[77]",
					"strict" : false
				},
				{
					"name" : "BUS_OUT[78]",
					"strict" : false
				},
				{
					"name" : "BUS_OUT[79]",
					"strict" : false
				},
				{
					"name" : "BUS_OUT[80]",
					"strict" : false
				},
				{
					"name" : "BUS_OUT[81]",
					"strict" : false
				},
				{
					"name" : "BUS_OUT[82]",
					"strict" : false
				},
				{
					"name" : "BUS_OUT[83]",
					"strict" : false
				},
				{
					"name" : "BUS_OUT[84]",
					"strict" : false
				},
				{
					"name" : "BUS_OUT[85]",
					"strict" : false
				},
				{
					"name" : "BUS_OUT[86]",
					"strict" : false
				},
				{
					"name" : "BUS_OUT[87]",
					"strict" : false
				},
				{
					"name" : "BUS_OUT[88]",
					"strict" : false
				},
				{
					"name" : "BUS_OUT[89]",
					"strict" : false
				},
				{
					"name" : "BUS_OUT[90]",
					"strict" : false
				},
				{
					"name" : "BUS_OUT[91]",
					"strict" : false
				},
				{
					"name" : "BUS_OUT[92]",
					"strict" : false
				},
				{
					"name" : "BUS_OUT[93]",
					"strict" : false
				},
				{
					"name" : "BUS_OUT[94]",
					"strict" : false
				},
				{
					"name" : "BUS_OUT[95]",
					"strict" : false
				},
				{
					"name" : "BUS_OUT[96]",
					"strict" : false
				},
				{
					"name" : "BUS_OUT[97]",
					"strict" : false
				},
				{
					"name" : "BUS_OUT[98]",
					"strict" : false
				},
				{
					"name" : "BUS_OUT[99]",
					"strict" : false
				},
				{
					"name" : "BUS_OUT[100]",
					"strict" : false
				},
				{
					"name" : "BUS_OUT[101]",
					"strict" : false
				},
				{
					"name" : "BUS_OUT[102]",
					"strict" : false
				},
				{
					"name" : "BUS_OUT[103]",
					"strict" : false
				},
				{
					"name" : "BUS_OUT[104]",
					"strict" : false
				},
				{
					"name" : "BUS_OUT[105]",
					"strict" : false
				},
				{
					"name" : "BUS_OUT[106]",
					"strict" : false
				},
				{
					"name" : "BUS_OUT[107]",
					"strict" : false
				},
				{
					"name" : "BUS_OUT[108]",
					"strict" : false
				},
				{
					"name" : "BUS_OUT[109]",
					"strict" : false
				},
				{
					"name" : "BUS_OUT[110]",
					"strict" : false
				},
				{
					"name" : "BUS_OUT[111]",
					"strict" : false
				},
				{
					"name" : "BUS_OUT[112]",
					"strict" : false
				},
				{
					"name" : "BUS_OUT[113]",
					"strict" : false
				},
				{
					"name" : "BUS_OUT[114]",
					"strict" : false
				},
				{
					"name" : "BUS_OUT[115]",
					"strict" : false
				},
				{
					"name" : "BUS_OUT[116]",
					"strict" : false
				},
				{
					"name" : "BUS_OUT[117]",
					"strict" : false
				},
				{
					"name" : "BUS_OUT[118]",
					"strict" : false
				},
				{
					"name" : "BUS_OUT[119]",
					"strict" : false
				},
				{
					"name" : "SPI_clk",
					"strict" : false
				},
				{
					"name" : "SPI_CS",
					"strict" : false
				},
				{
					"name" : "SPI_MOSI",
					"strict" : false
				},
				{
					"name" : "nReset",
					"strict" : false
				},
				{
					"name" : "Mclk",
					"strict" : false
				},
				{
					"name" : "Read_RQ",
					"strict" : false
				},
				{
					"name" : "rst_clk",
					"strict" : false
				},
				{
					"name" : "Address[0]",
					"strict" : false
				},
				{
					"name" : "SPI_MISO",
					"strict" : false
				},
				{
					"name" : "Data_Available",
					"strict" : false
				},
				{
					"name" : "Address[1]",
					"strict" : false
				},
				{
					"name" : "Address[2]",
					"strict" : false
				},
				{
					"name" : "BUS_IN[0]",
					"strict" : false
				},
				{
					"name" : "Address[3]",
					"strict" : false
				},
				{
					"name" : "BUS_IN[1]",
					"strict" : false
				},
				{
					"name" : "Address[4]",
					"strict" : false
				},
				{
					"name" : "BUS_IN[2]",
					"strict" : false
				},
				{
					"name" : "Address[5]",
					"strict" : false
				},
				{
					"name" : "BUS_IN[3]",
					"strict" : false
				},
				{
					"name" : "Address[6]",
					"strict" : false
				},
				{
					"name" : "BUS_IN[4]",
					"strict" : false
				},
				{
					"name" : "BUS_IN[5]",
					"strict" : false
				},
				{
					"name" : "BUS_IN[6]",
					"strict" : false
				},
				{
					"name" : "BUS_IN[7]",
					"strict" : false
				}
			]
		}
	]
}